Total List of 2022 American Films,,Randomized List of 60,Randomized List of 60 (parsed),Budget,Box Office,RT Score,,,,,
1Up,1,Fantastic Beasts: The Secrets of Dumbledore,Fantastic+Beasts:+The+Secrets+of+Dumbledore,"$200,000,000","$95,850,844",46%,,,,,
5000 Blankets,2,Amsterdam,Amsterdam,"$80,000,000","$14,947,969",32%,,,,,
7 Days,3,Halloween Ends,Halloween+Ends,"$20,000,000","$64,079,860",40%,,,,,
A Chiara,4,Everything Everywhere All at Once,Everything+Everywhere+All+at+Once,"$25,000,000","$74,334,294",94%,,Budget,"=getBudget(""Morbius"")",,"$75,000,000"
A Christmas Mystery,5,Bones and All,Bones+and+All,"$18,000,000","$7,834,907",82%,,Box Office,"=getBoxOffice(""Morbius"")",,"$73,865,530"
A Christmas Story Christmas,6,Easter Sunday,Easter+Sunday,"$17,000,000","$13,013,690",43%,,RT Score,"=getRottenTomatoes(""The+Batman"")",,85%
A Day to Die,7,Tár,Tár,"$35,000,000","$6,773,650",90%,,,,,
A Fairy Tale After All,8,Smile,Smile,"$17,000,000","$105,935,048",80%,,,,,
A Hollywood Christmas,9,Dog,Dog,"$20,000,000","$61,778,069",77%,,,,,
A Jazzman's Blues,10,Barbarian,Barbarian,"$4,500,000","$40,842,944",93%,,,,,
A Love Song,11,Puss in Boots: The Last Wish,Puss+in+Boots:+The+Last+Wish,"$90,000,000","$179,729,150",95%,,,,,
A Madea Homecoming,12,Hellraiser,Hellraiser,"$14,000,000","$14,564,027",70%,,,,,
A Man Called Otto,13,Babylon,Babylon,"$78,000,000","$15,351,455",56%,,,,,
Abandoned,14,Black Panther: Wakanda Forever,Black+Panther:+Wakanda+Forever,"$250,000,000","$453,829,060",84%,,,,,
After Ever Happy,15,The Bob's Burgers Movie,The+Bob's+Burgers+Movie,"$38,000,000","$31,933,830",88%,,,,,
After Yang,16,The King's Daughter,The+King's+Daughter,"$40,500,000","$1,758,963",20%,,,,,
Aftersun,17,The Whale,The+Whale,"$3,000,000","$16,966,332",65%,,,,,
Alice,18,Death on the Nile,Death+on+the+Nile,"$90,000,000","$45,630,104",62%,,,,,
"Alice, Darling",19,Marry Me,Marry+Me,"$23,000,000","$22,438,180",61%,,,,,
All Quiet on the Western Front,20,See How They Run,See+How+They+Run,"$40,000,000","$9,586,237",75%,,,,,
All the Old Knives,21,Three Thousand Years of Longing,Three+Thousand+Years+of+Longing,"$60,000,000","$8,286,741",71%,,,,,
Allegoria,22,Father Stu,Father+Stu,"$4,000,000","$21,090,677",41%,,,,,
Alone Together,23,Lightyear,Lightyear,"$200,000,000","$118,307,188",74%,,,,,
Along for the Ride,24,Clerks III,Clerks+III,"$7,000,000","$4,663,106",62%,,,,,
Ambulance,25,The Woman King,The+Woman+King,"$50,000,000","$67,328,130",94%,,,,,
American Siege,26,The Black Phone,The+Black+Phone,"$17,000,000","$90,123,230",83%,,,,,
Amsterdam,27,Jeepers Creepers: Reborn,Jeepers+Creepers:+Reborn,"$5,000,000","$2,033,057",0%,,,,,
Anything's Possible,28,Scream,Scream,"$24,000,000","$103,046,663",80%,,,,,
Apollo 10 1⁄2: A Space Age Childhood,29,Paws of Fury: The Legend of Hank,Paws+of+Fury:+The+Legend+of+Hank,"$45,000,000","$17,811,382",54%,,,,,
Armageddon Time,30,Sonic the Hedgehog 2,Sonic+the+Hedgehog+2,"$110,000,000","$190,872,904",69%,,,,,
Avatar: The Way of Water,31,The Menu,The+Menu,"$35,000,000","$38,501,125",88%,,,,,
Babylon,32,Ticket to Paradise,Ticket+to+Paradise,"$20,000,000","$68,275,985",56%,,,,,
Barbarian,33,"Lyle, Lyle, Crocodile","Lyle,+Lyle,+Crocodile","$50,000,000","$46,888,441",72%,,,,,
Beast,34,X,X,"$10,000,000","$11,765,309",94%,,,,,
Beauty,35,Uncharted,Uncharted,"$120,000,000","$148,648,820",41%,,,,,
Beavis and Butt-Head Do the Universe,36,Whitney Houston: I Wanna Dance with Somebody,Whitney+Houston:+I+Wanna+Dance+with+Somebody,"$50,000,000","$23,708,080",44%,,,,,
Benediction,37,She Said,She+Said,"$32,000,000","$5,825,995",88%,,,,,
Better Nate Than Ever,38,Terrifier 2,Terrifier+2,"$250,000","$10,640,105",85%,,,,,
Bitch Ass,39,Moonfall,Moonfall,"$146,000,000","$19,060,660",36%,,,,,
Black Adam,40,Jurassic World Dominion,Jurassic+World+Dominion,"$165,000,000","$376,851,080",29%,,,,,
Black Panther: Wakanda Forever,41,Fall,Fall,"$3,000,000","$7,240,521",79%,,,,,
Blacklight,42,The Batman,The+Batman,"$185,000,000","$369,345,583",85%,,,,,
Blonde,43,Avatar: The Way of Water,Avatar:+The+Way+of+Water,"$350,000,000","$681,919,456",76%,,,,,
Bodies Bodies Bodies,44,Top Gun: Maverick,Top+Gun:+Maverick,"$170,000,000","$718,732,821",96%,,,,,
Bones and All,45,The Northman,The+Northman,"$70,000,000","$34,233,110",90%,,,,,
Breaking,46,Strange World,Strange+World,"$180,000,000","$37,968,963",72%,,,,,
Bros,47,White Noise,White+Noise,"$10,000,000","$56,386,759",7%,,,,,
Bullet Train,48,Bros,Bros,"$100,000,000","$11,628,165",89%,,,,,
Call Jane,49,Firestarter,Firestarter,"$12,000,000","$17,080,167",38%,,,,,
Catherine Called Birdy,50,Dual,Dual,"$4,500,000","$185,212",70%,,,,,
Causeway,51,The Bad Guys,The+Bad+Guys,"$80,000,000","$97,233,630",88%,,,,,
Cha Cha Real Smooth,52,The Lost City,The+Lost+City,"$74,000,000","$105,344,029",79%,,,,,
Cheaper by the Dozen,53,Blacklight,Blacklight,"$43,000,000","$9,591,094",11%,,,,,
Chip 'n Dale: Rescue Rangers,54,Nope,Nope,"$68,000,000","$123,277,080",83%,,,,,
Choose or Die,55,Morbius,Morbius,"$75,000,000","$73,865,530",16%,,,,,
Christmas with You,56,Thor: Love and Thunder,Thor:+Love+and+Thunder,"$250,000,000","$343,256,830",63%,,,,,
Clean,57,Devotion,Devotion,"$90,000,000","$20,511,938",80%,,,,,
Clerks III,58,The Unbearable Weight of Massive Talent,The+Unbearable+Weight+of+Massive+Talent,"$30,000,000","$20,300,157",87%,,,,,
"Confess, Fletch",59,Pearl,Pearl,"$1,000,000","$9,423,445",92%,,,,,
Corrective Measures,60,Cyrano,Cyrano,"$20,000,000","$3,873,124",85%,,,,,
Crimes of the Future,,The Invitation,The+Invitation,"$10,000,000","$231,737",89%,,,,,
Crush,,Violent Night,Violent+Night,"$20,000,000","$50,028,650",73%,,,,,
Cyrano,,Downton Abbey: A New Era,Downton+Abbey:+A+New+Era,"$40,000,000","$44,141,550",86%,,,,,
Darby and the Dead,,Minions: The Rise of Gru,Minions:+The+Rise+of+Gru,"$85,000,000","$369,695,210",70%,,,,,
Dashcam,,Black Adam,Black+Adam,"$200,000,000","$168,152,111",38%,,,,,
Day Shift,,Elvis,Elvis,"$85,000,000","$151,040,048",77%,,,,,
DC League of Super-Pets,,Ambulance,Ambulance,"$40,000,000","$22,781,115",68%,,,,,
Dead for a Dollar,,Infinite Storm,Infinite+Storm,"$4,749,917","$1,600,543",55%,,,,,
Dear Zoe,,A Man Called Otto,A+Man+Called+Otto,"$50,000,000","$64,035,017",69%,,,,,
Death on the Nile,,Bullet Train,Bullet+Train,"$90,000,000","$103,368,602",54%,,,,,
Deep Water,,Jackass Forever,Jackass+Forever,"$10,000,000","$57,743,451",85%,,,,,
Delia's Gone,,The Fabelmans,The+Fabelmans,"$40,000,000","$17,344,045",92%,,,,,
Detective Knight: Redemption,,Doctor Strange in the Multiverse of Madness,Doctor+Strange+in+the+Multiverse+of+Madness,"$200,000,001","$411,331,607",74%,,,,,
Detective Knight: Rogue,,Don't Worry Darling,Don't+Worry+Darling,"$35,000,000","$45,309,403",38%,,,,,
Devotion,,The 355,The+355,"$75,000,000","$14,570,455",24%,,,,,
Diary of a Wimpy Kid: Rodrick Rules,,DC League of Super-Pets,DC+League+of+Super-Pets,"$90,000,000","$93,657,117",73%,,Usable Data,,,
Disenchanted,,Turning Red,Turning+Red,"$190,000,000",N/A,95%,,N/A = No data or not applicable,,,
Do Revenge,,The Adam Project,The+Adam+Project,"$116,000,000",N/A,67%,,,,,
Doctor Strange in the Multiverse of Madness,,Samaritan,Samaritan,"$100,000,000",N/A,38%,,,,,
Dog,,Spirited,Spirited,"$75,000,000",N/A,70%,,,,,
Don't Make Me Go,,The Man from Toronto,The+Man+from+Toronto,"$75,000,000",N/A,23%,,,,,
Don't Worry Darling,,The Pale Blue Eye,The+Pale+Blue+Eye,"$72,000,000",N/A,63%,,,,,
Downton Abbey: A New Era,,Prey,Prey,"$65,000,000",N/A,93%,,,,,
Dual,,Thirteen Lives,Thirteen+Lives,"$55,000,000",N/A,86%,,,,,
Easter Sunday,,Slumberland,Slumberland,"$35,000,000",N/A,40%,,,,,
Elvis,,Guillermo del Toro's Pinocchio,Guillermo+del+Toro's+Pinocchio,"$35,000,000",N/A,29%,,,,,
Emancipation,,Hocus Pocus 2,Hocus+Pocus+2,"$30,000,000",N/A,64%,,,,,
Emergency,,Matilda the Musical,Matilda+the+Musical,"$25,000,000",N/A,92%,,,,,
Emily the Criminal,,Tall Girl 2,Tall+Girl+2,"$24,393,503",N/A,63%,,,,,
Empire of Light,,Blonde,Blonde,"$22,000,000",N/A,42%,,,,,
End of the Road,,Texas Chainsaw Massacre,Texas+Chainsaw+Massacre,"$20,000,000",N/A,31%,,,,,
Enola Holmes 2,,Honor Society,Honor+Society,"$20,000,000",N/A,85%,,,,,
Escape the Field,,All Quiet on the Western Front,All+Quiet+on+the+Western+Front,"$20,000,000",N/A,89%,,,,,
Everything Everywhere All at Once,,Weird: The Al Yankovic Story,Weird:+The+Al+Yankovic+Story,"$12,000,000",N/A,83%,,,,,
Fall,,Anything's Possible,Anything's+Possible,"$10,000,000",N/A,86%,,,,,
Falling for Christmas,,Kimi,Kimi,"$3,500,000",N/A,92%,,,,,
Family Camp,,The Greatest Beer Run Ever,The+Greatest+Beer+Run+Ever,"$2,800,000",N/A,43%,,,,,
Fantastic Beasts: The Secrets of Dumbledore,,He's Watching,He's+Watching,"$500,000",N/A,90%,,,,,
Father of the Bride,,Dashcam,Dashcam,"$100,000",N/A,48%,,,,,
Father Stu,,A Day to Die,A+Day+to+Die,"$98,616",N/A,N/A,,,,,
Fire Island,,The Gray Man,The+Gray+Man,"$200,000,000",N/A,46%,,,,,
Firestarter,,Glass Onion: A Knives Out Mystery,Glass+Onion:+A+Knives+Out+Mystery,"$40,000,000",N/A,92%,,,,,
Fistful of Vengeance,,Paradise City,Paradise+City,"$20,000,000",N/A,8%,,,,,
Flight/Risk,,Apollo 10 1⁄2: A Space Age Childhood,Apollo+10+1⁄2:+A+Space+Age+Childhood,N/A,,,,,,,
Fortress: Sniper's Eye,,Run Sweetheart Run,Run+Sweetheart+Run,N/A,,,,,,,
Fresh,,The School for Good and Evil,The+School+for+Good+and+Evil,N/A,,,,,,,
Funny Pages,,Watcher,Watcher,N/A,,,,,,,
Gasoline Alley,,Umma,Umma,N/A,,,,,,,
Gigi & Nate,,Persuasion,Persuasion,N/A,,,,,,,
Glass Onion: A Knives Out Mystery,,The Noel Diary,The+Noel+Diary,N/A,,,,,,,
God's Country,,South Park The Streaming Wars,South+Park+The+Streaming+Wars,N/A,,,,,,,
God's Creatures,,Escape the Field,Escape+the+Field,N/A,,,,,,,
Gone in the Night,,The Banshees of Inisherin,The+Banshees+of+Inisherin,N/A,,,,,,,
Good Mourning,,"Alice, Darling","Alice,+Darling",N/A,,,,,,,
Good Night Oppy,,Night at the Museum: Kahmunrah Rises Again,Night+at+the+Museum:+Kahmunrah+Rises+Again,N/A,,,,,,,
Goodnight Mommy,,Fortress: Sniper's Eye,Fortress:+Sniper's+Eye,N/A,,,,,,,
Green Ghost and the Masters of the Stone,,Rise,Rise,N/A,,,,,,,
Guillermo del Toro's Pinocchio,,Lamborghini: The Man Behind the Legend,Lamborghini:+The+Man+Behind+the+Legend,N/A,,,,,,,
Halloween Ends,,The Outfit,The+Outfit,N/A,,,,,,,
He's Watching,,Private Property,Private+Property,N/A,,,,,,,
Hellblazers,,My Best Friend's Exorcism,My+Best+Friend's+Exorcism,N/A,,,,,,,
"Hello, Goodbye, and Everything in Between",,The In Between,The+In+Between,N/A,,,,,,,
Hellraiser,,The Legend of La Llorona,The+Legend+of+La+Llorona,N/A,,,,,,,
Hocus Pocus 2,,Causeway,Causeway,N/A,,,,,,,
Holiday Harmony,,Fire Island,Fire+Island,N/A,,,,,,,
Hollywood Stargirl,,After Ever Happy,After+Ever+Happy,N/A,,,,,,,
Home Team,,Aftersun,Aftersun,N/A,,,,,,,
Honk for Jesus. Save Your Soul.,,Christmas with You,Christmas+with+You,N/A,,,,,,,
Honor Society,,Mid-Century,Mid-Century,N/A,,,,,,,
Hot Seat,,A Madea Homecoming,A+Madea+Homecoming,N/A,,,,,,,
Hot Take: The Depp/Heard Trial,,The Independent,The+Independent,N/A,,,,,,,
Hotel Transylvania: Transformania,,Hollywood Stargirl,Hollywood+Stargirl,N/A,,,,,,,
Hustle,,Paradise Highway,Paradise+Highway,N/A,,,,,,,
I Want You Back,,Alone Together,Alone+Together,N/A,,,,,,,
Infinite Storm,,Green Ghost and the Masters of the Stone,Green+Ghost+and+the+Masters+of+the+Stone,N/A,,,,,,,
Interceptor,,Disenchanted,Disenchanted,N/A,,,,,,,
Is That Black Enough for You?!?,,Not Okay,Not+Okay,N/A,,,,,,,
Jackass Forever,,American Siege,American+Siege,N/A,,,,,,,
Jeepers Creepers: Reborn,,Goodnight Mommy,Goodnight+Mommy,N/A,,,,,,,
Jennifer Lopez: Halftime,,Beavis and Butt-Head Do the Universe,Beavis+and+Butt-Head+Do+the+Universe,N/A,,,,,,,
Jerry & Marge Go Large,,Hellblazers,Hellblazers,N/A,,,,,,,
Jurassic World Dominion,,Studio 666,Studio+666,N/A,,,,,,,
Kimi,,One Way,One+Way,N/A,,,,,,,
Lady Chatterley's Lover,,God's Country,God's+Country,N/A,,,,,,,
Lamborghini: The Man Behind the Legend,,Jennifer Lopez: Halftime,Jennifer+Lopez:+Halftime,N/A,,,,,,,
Last Looks,,Dead for a Dollar,Dead+for+a+Dollar,N/A,,,,,,,
Lifemark,,Running the Bases,Running+the+Bases,N/A,,,,,,,
Lightyear,,South Park The Streaming Wars Part 2,South+Park+The+Streaming+Wars+Part+2,N/A,,,,,,,
Lou,,On the Line,On+the+Line,N/A,,,,,,,
Luck,,Polar Bear,Polar+Bear,N/A,,,,,,,
Luckiest Girl Alive,,Home Team,Home+Team,N/A,,,,,,,
"Lyle, Lyle, Crocodile",,Diary of a Wimpy Kid: Rodrick Rules,Diary+of+a+Wimpy+Kid:+Rodrick+Rules,N/A,,,,,,,
Mack & Rita,,Luckiest Girl Alive,Luckiest+Girl+Alive,N/A,,,,,,,
Marcel the Shell with Shoes On,,Corrective Measures,Corrective+Measures,N/A,,,,,,,
Marmaduke,,Last Looks,Last+Looks,N/A,,,,,,,
Marry Me,,Abandoned,Abandoned,N/A,,,,,,,
Master,,Emily the Criminal,Emily+the+Criminal,N/A,,,,,,,
Matilda the Musical,,Bodies Bodies Bodies,Bodies+Bodies+Bodies,N/A,,,,,,,
Me Time,,Armageddon Time,Armageddon+Time,N/A,,,,,,,
Measure of Revenge,,Catherine Called Birdy,Catherine+Called+Birdy,N/A,,,,,,,
Memory,,I Want You Back,I+Want+You+Back,N/A,,,,,,,
Metal Lords,,A Jazzman's Blues,A+Jazzman's+Blues,N/A,,,,,,,
Mid-Century,,Better Nate Than Ever,Better+Nate+Than+Ever,N/A,,,,,,,
Minions: The Rise of Gru,,The Fallout,The+Fallout,N/A,,,,,,,
Montana Story,,The Eternal Daughter,The+Eternal+Daughter,N/A,,,,,,,
Moonage Daydream,,Lady Chatterley's Lover,Lady+Chatterley's+Lover,N/A,,,,,,,
Moonfall,,Montana Story,Montana+Story,N/A,,,,,,,
Moonshot,,"Hello, Goodbye, and Everything in Between","Hello,+Goodbye,+and+Everything+in+Between",N/A,,,,,,,
Morbius,,Fresh,Fresh,N/A,,,,,,,
Mr. Harrigan's Phone,,The Valet,The+Valet,N/A,,,,,,,
Mr. Malcolm's List,,Detective Knight: Rogue,Detective+Knight:+Rogue,N/A,,,,,,,
Mrs. Harris Goes to Paris,,The Wonder,The+Wonder,N/A,,,,,,,
My Best Friend's Exorcism,,The Long Night,The+Long+Night,N/A,,,,,,,
My Father's Dragon,,Choose or Die,Choose+or+Die,N/A,,,,,,,
My Policeman,,They/Them,They/Them,N/A,,,,,,,
Nanny,,The Redeem Team,The+Redeem+Team,N/A,,,,,,,
Night at the Museum: Kahmunrah Rises Again,,Cheaper by the Dozen,Cheaper+by+the+Dozen,N/A,,,,,,,
No Exit,,The Sea Beast,The+Sea+Beast,N/A,,,,,,,
Nope,,The Ice Age Adventures of Buck Wild,The+Ice+Age+Adventures+of+Buck+Wild,N/A,,,,,,,
Not Okay,,Marcel the Shell with Shoes On,Marcel+the+Shell+with+Shoes+On,N/A,,,,,,,
On the Come Up,,Honk for Jesus. Save Your Soul.,Honk+for+Jesus.+Save+Your+Soul.,N/A,,,,,,,
On the Count of Three,,Bitch Ass,Bitch+Ass,N/A,,,,,,,
On the Line,,Where the Crawdads Sing,Where+the+Crawdads+Sing,N/A,,,,,,,
One Way,,Prey for the Devil,Prey+for+the+Devil,N/A,,,,,,,
Operation Mincemeat,,Tyson's Run,Tyson's+Run,N/A,,,,,,,
Orphan: First Kill,,Pinocchio,Pinocchio,N/A,,,,,,,
Paradise City,,Wildcat,Wildcat,N/A,,,,,,,
Paradise Highway,,Rescued by Ruby,Rescued+by+Ruby,N/A,,,,,,,
Paws of Fury: The Legend of Hank,,The Minute You Wake Up Dead,The+Minute+You+Wake+Up+Dead,N/A,,,,,,,
Pearl,,Beast,Beast,N/A,,,,,,,
Persuasion,,The Survivor,The+Survivor,N/A,,,,,,,
Pinocchio,,Spin Me Round,Spin+Me+Round,N/A,,,,,,,
Poker Face,,Rise of the Teenage Mutant Ninja Turtles: The Movie,Rise+of+the+Teenage+Mutant+Ninja+Turtles:+The+Movie,N/A,,,,,,,
Polar Bear,,Good Night Oppy,Good+Night+Oppy,N/A,,,,,,,
Press Play,,Jerry & Marge Go Large,Jerry+&+Marge+Go+Large,N/A,,,,,,,
Prey,,Interceptor,Interceptor,N/A,,,,,,,
Prey for the Devil,,Gone in the Night,Gone+in+the+Night,N/A,,,,,,,
Private Property,,Spiderhead,Spiderhead,N/A,,,,,,,
Puss in Boots: The Last Wish,,Me Time,Me+Time,N/A,,,,,,,
Raymond & Ray,,Lifemark,Lifemark,N/A,,,,,,,
Redeeming Love,,My Policeman,My+Policeman,N/A,,,,,,,
Rescued by Ruby,,Enola Holmes 2,Enola+Holmes+2,N/A,,,,,,,
Resurrection,,The People We Hate at the Wedding,The+People+We+Hate+at+the+Wedding,N/A,,,,,,,
Rise,,Call Jane,Call+Jane,N/A,,,,,,,
Rise of the Teenage Mutant Ninja Turtles: The Movie,,Do Revenge,Do+Revenge,N/A,,,,,,,
Rosaline,,Alice,Alice,N/A,,,,,,,
Run Sweetheart Run,,Poker Face,Poker+Face,N/A,,,,,,,
Running the Bases,,Along for the Ride,Along+for+the+Ride,N/A,,,,,,,
Samaritan,,A Christmas Mystery,A+Christmas+Mystery,N/A,,,,,,,
Scream,,Flight/Risk,Flight/Risk,N/A,,,,,,,
Scrooge: A Christmas Carol,,The Bubble,The+Bubble,N/A,,,,,,,
Secret Headquarters,,Moonshot,Moonshot,N/A,,,,,,,
Section Eight,,Raymond & Ray,Raymond+&+Ray,N/A,,,,,,,
See How They Run,,Rosaline,Rosaline,N/A,,,,,,,
Senior Year,,Falling for Christmas,Falling+for+Christmas,N/A,,,,,,,
Sharp Stick,,Hustle,Hustle,N/A,,,,,,,
Shattered,,Clean,Clean,N/A,,,,,,,
She Said,,Metal Lords,Metal+Lords,N/A,,,,,,,
Shut In,,Fistful of Vengeance,Fistful+of+Vengeance,N/A,,,,,,,
Significant Other,,Sharp Stick,Sharp+Stick,N/A,,,,,,,
Slumberland,,Cha Cha Real Smooth,Cha+Cha+Real+Smooth,N/A,,,,,,,
Smile,,Don't Make Me Go,Don't+Make+Me+Go,N/A,,,,,,,
Sneakerella,,The Return of Tanya Tucker: Featuring Brandi Carlile,The+Return+of+Tanya+Tucker:+Featuring+Brandi+Carlile,N/A,,,,,,,
Something from Tiffany's,,Women Talking,Women+Talking,N/A,,,,,,,
Something in the Dirt,,The Good Nurse,The+Good+Nurse,N/A,,,,,,,
Sonic the Hedgehog 2,,Gasoline Alley,Gasoline+Alley,N/A,,,,,,,
South Park The Streaming Wars,,Senior Year,Senior+Year,N/A,,,,,,,
South Park The Streaming Wars Part 2,,Significant Other,Significant+Other,N/A,,,,,,,
Spiderhead,,Nanny,Nanny,N/A,,,,,,,
Spin Me Round,,Memory,Memory,N/A,,,,,,,
Spirited,,Scrooge: A Christmas Carol,Scrooge:+A+Christmas+Carol,N/A,,,,,,,
Spoiler Alert,,Darby and the Dead,Darby+and+the+Dead,N/A,,,,,,,
Stars at Noon,,"Confess, Fletch","Confess,+Fletch",N/A,,,,,,,
Strange World,,Operation Mincemeat,Operation+Mincemeat,N/A,,,,,,,
Studio 666,,Hot Take: The Depp/Heard Trial,Hot+Take:+The+Depp/Heard+Trial,N/A,,,,,,,
Summering,,A Christmas Story Christmas,A+Christmas+Story+Christmas,N/A,,,,,,,
Sundown,,Allegoria,Allegoria,N/A,,,,,,,
Tall Girl 2,,God's Creatures,God's+Creatures,N/A,,,,,,,
Tár,,The Silent Twins,The+Silent+Twins,N/A,,,,,,,
Terrifier 2,,7 Days,7+Days,N/A,,,,,,,
Texas Chainsaw Massacre,,The Tiger Rising,The+Tiger+Rising,N/A,,,,,,,
The 355,,Day Shift,Day+Shift,N/A,,,,,,,
The Adam Project,,Moonage Daydream,Moonage+Daydream,N/A,,,,,,,
The Bad Guys,,Holiday Harmony,Holiday+Harmony,N/A,,,,,,,
The Banshees of Inisherin,,Till,Till,N/A,,,,,,,
The Batman,,Dear Zoe,Dear+Zoe,N/A,,,,,,,
The Black Phone,,Marmaduke,Marmaduke,N/A,,,,,,,
The Bob's Burgers Movie,,Shattered,Shattered,N/A,,,,,,,
The Bubble,,Mrs. Harris Goes to Paris,Mrs.+Harris+Goes+to+Paris,N/A,,,,,,,
The Commando,,White Elephant,White+Elephant,N/A,,,,,,,
The Contractor,,On the Come Up,On+the+Come+Up,N/A,,,,,,,
The Curse of Bridge Hollow,,The Curse of Bridge Hollow,The+Curse+of+Bridge+Hollow,N/A,,,,,,,
The Cursed,,The Sky Is Everywhere,The+Sky+Is+Everywhere,N/A,,,,,,,
The Estate,,Deep Water,Deep+Water,N/A,,,,,,,
The Eternal Daughter,,Section Eight,Section+Eight,N/A,,,,,,,
The Fabelmans,,The Good House,The+Good+House,N/A,,,,,,,
The Fallout,,Empire of Light,Empire+of+Light,N/A,,,,,,,
The Forgiven,,My Father's Dragon,My+Father's+Dragon,N/A,,,,,,,
The Good House,,Gigi & Nate,Gigi+&+Nate,N/A,,,,,,,
The Good Nurse,,1Up,1Up,N/A,,,,,,,
The Gray Man,,5000 Blankets,5000+Blankets,N/A,,,,,,,
The Greatest Beer Run Ever,,A Love Song,A+Love+Song,N/A,,,,,,,
The Ice Age Adventures of Buck Wild,,Wrong Place,Wrong+Place,N/A,,,,,,,
The In Between,,The Inspection,The+Inspection,N/A,,,,,,,
The Independent,,Mack & Rita,Mack+&+Rita,N/A,,,,,,,
The Inspection,,Stars at Noon,Stars+at+Noon,N/A,,,,,,,
The Invitation,,Sneakerella,Sneakerella,N/A,,,,,,,
The King's Daughter,,A Chiara,A+Chiara,N/A,,,,,,,
The Legend of La Llorona,,Is That Black Enough for You?!?,Is+That+Black+Enough+for+You?!?,N/A,,,,,,,
The Long Night,,After Yang,After+Yang,N/A,,,,,,,
The Lost City,,The Forgiven,The+Forgiven,N/A,,,,,,,
The Man from Toronto,,The Contractor,The+Contractor,N/A,,,,,,,
The Mean One,,Emergency,Emergency,N/A,,,,,,,
The Menu,,Emancipation,Emancipation,N/A,,,,,,,
The Minute You Wake Up Dead,,Mr. Malcolm's List,Mr.+Malcolm's+List,N/A,,,,,,,
The Munsters,,Titanic 666,Titanic+666,N/A,,,,,,,
The Noel Diary,,Something from Tiffany's,Something+from+Tiffany's,N/A,,,,,,,
The Northman,,Resurrection,Resurrection,N/A,,,,,,,
The Outfit,,Breaking,Breaking,N/A,,,,,,,
The Pale Blue Eye,,Father of the Bride,Father+of+the+Bride,N/A,,,,,,,
The People We Hate at the Wedding,,Orphan: First Kill,Orphan:+First+Kill,N/A,,,,,,,
The Princess,,The Commando,The+Commando,N/A,,,,,,,
The Redeem Team,,Lou,Lou,N/A,,,,,,,
The Return of Tanya Tucker: Featuring Brandi Carlile,,A Hollywood Christmas,A+Hollywood+Christmas,N/A,,,,,,,
The Royal Treatment,,Wire Room,Wire+Room,N/A,,,,,,,
The School for Good and Evil,,The Munsters,The+Munsters,N/A,,,,,,,
The Sea Beast,,Zero Contact,Zero+Contact,N/A,,,,,,,
The Silent Twins,,The Princess,The+Princess,N/A,,,,,,,
The Sky Is Everywhere,,Mr. Harrigan's Phone,Mr.+Harrigan's+Phone,N/A,,,,,,,
The Survivor,,Spoiler Alert,Spoiler+Alert,N/A,,,,,,,
The Tiger Rising,,End of the Road,End+of+the+Road,N/A,,,,,,,
The Unbearable Weight of Massive Talent,,Detective Knight: Redemption,Detective+Knight:+Redemption,N/A,,,,,,,
The Valet,,Wendell & Wild,Wendell+&+Wild,N/A,,,,,,,
The Whale,,Something in the Dirt,Something+in+the+Dirt,N/A,,,,,,,
The Woman King,,Family Camp,Family+Camp,N/A,,,,,,,
The Wonder,,Sundown,Sundown,N/A,,,,,,,
They/Them,,Hotel Transylvania: Transformania,Hotel+Transylvania:+Transformania,N/A,,,,,,,
Thirteen Lives,,All the Old Knives,All+the+Old+Knives,N/A,,,,,,,
Thor: Love and Thunder,,Funny Pages,Funny+Pages,N/A,,,,,,,
Three Thousand Years of Longing,,Redeeming Love,Redeeming+Love,N/A,,,,,,,
Ticket to Paradise,,Summering,Summering,N/A,,,,,,,
Till,,The Mean One,The+Mean+One,N/A,,,,,,,
Titanic 666,,Good Mourning,Good+Mourning,N/A,,,,,,,
Top Gun: Maverick,,Shut In,Shut+In,N/A,,,,,,,
Turning Red,,Crush,Crush,N/A,,,,,,,
Tyson's Run,,Measure of Revenge,Measure+of+Revenge,N/A,,,,,,,
Umma,,Vengeance,Vengeance,N/A,,,,,,,
Uncharted,,Crimes of the Future,Crimes+of+the+Future,N/A,,,,,,,
V/H/S/99,,Luck,Luck,N/A,,,,,,,
Vendetta,,Vendetta,Vendetta,N/A,,,,,,,
Vengeance,,A Fairy Tale After All,A+Fairy+Tale+After+All,N/A,,,,,,,
Violent Night,,The Royal Treatment,The+Royal+Treatment,N/A,,,,,,,
Watcher,,On the Count of Three,On+the+Count+of+Three,N/A,,,,,,,
Weird: The Al Yankovic Story,,Chip 'n Dale: Rescue Rangers,Chip+'n+Dale:+Rescue+Rangers,N/A,,,,,,,
Wendell & Wild,,Windfall,Windfall,N/A,,,,,,,
Where the Crawdads Sing,,The Estate,The+Estate,N/A,,,,,,,
White Elephant,,The Cursed,The+Cursed,N/A,,,,,,,
White Noise,,No Exit,No+Exit,N/A,,,,,,,
Whitney Houston: I Wanna Dance with Somebody,,V/H/S/99,V/H/S/99,N/A,,,,,,,
Wildcat,,Secret Headquarters,Secret+Headquarters,N/A,,,,,,,
Windfall,,Master,Master,N/A,,,,,,,
Wire Room,,Benediction,Benediction,N/A,,,,,,,
Women Talking,,Delia's Gone,Delia's+Gone,N/A,,,,,,,
Wrong Place,,Beauty,Beauty,N/A,,,,,,,
X,,Hot Seat,Hot+Seat,N/A,,,,,,,
Zero Contact,,Press Play,Press+Play,N/A,,,,,,,
,,,,,,,,,,,
https://www.themoviedb.org/documentation/api?language=en-US,,,Example API Call,,,,,,,,
omdbapi.com,,,https://api.themoviedb.org/3/movie/2?api_key=0e10336f4cee0d466dca9a17661b40f8,,,,,,,,
https://towardsdatascience.com/collecting-movie-data-445ca1ead8e5,,,Function Script - https://script.google.com/u/0/home/projects/1MTEh9QSMxpzcNpDmsh658rfHRJMSZbvdDeHTVpmeyvZfJWq6vJnOkLK1/edit,,,,,,,,
Wikipedia List: https://en.wikipedia.org/wiki/List_of_American_films_of_2022,,,,,,,,,,,
